"","sigma^2","MSE","MAPE","M(u)"
"A",25.5365261144712,22.645598629814,32.5874493610711,1.20607926161921e-13
"B",37.048620240786,35.6505590996243,42.3801344997865,1.17440648401103e-13
"C",39.38504625596,37.8988180953578,43.8091255808061,7.84278302678601e-15
"D",35.0337892910799,33.7117595065109,36.5088095608242,-1.55012271362758e-14
"E",38.7679414657991,37.3050002784105,42.3669264586918,-4.17276276425153e-15
"F",39.5753280096917,38.0819194055524,42.2219299966584,-2.09476042382105e-15
